{
    "assentos": [
      { "id": 1, "status": "disponivel", "tipo": "normal" },
      { "id": 2, "status": "disponivel", "tipo": "normal" },
      { "id": 3, "status": "indisponivel", "tipo": "normal" },
      { "id": 4, "status": "disponivel", "tipo": "especial" },
      { "id": 5, "status": "disponivel", "tipo": "especial" },
      { "id": 6, "status": "disponivel", "tipo": "normal" },
      { "id": 7, "status": "indisponivel", "tipo": "normal" },
      { "id": 8, "status": "disponivel", "tipo": "especial" },
      { "id": 9, "status": "disponivel", "tipo": "normal" },
      { "id": 10, "status": "indisponivel", "tipo": "normal" },
      { "id": 11, "status": "disponivel", "tipo": "normal" },
      { "id": 12, "status": "disponivel", "tipo": "normal" },
      { "id": 13, "status": "disponivel", "tipo": "normal" },
      { "id": 14, "status": "indisponivel", "tipo": "normal" },
      { "id": 15, "status": "disponivel", "tipo": "especial" },
      { "id": 16, "status": "disponivel", "tipo": "normal" },
      { "id": 17, "status": "indisponivel", "tipo": "especial" },
      { "id": 18, "status": "disponivel", "tipo": "normal" },
      { "id": 19, "status": "disponivel", "tipo": "normal" },
      { "id": 20, "status": "disponivel", "tipo": "especial" },
      { "id": 21, "status": "disponivel", "tipo": "normal" },
      { "id": 22, "status": "indisponivel", "tipo": "normal" },
      { "id": 23, "status": "disponivel", "tipo": "especial" },
      { "id": 24, "status": "disponivel", "tipo": "normal" },
      { "id": 25, "status": "indisponivel", "tipo": "normal" },
      { "id": 26, "status": "disponivel", "tipo": "normal" },
      { "id": 27, "status": "disponivel", "tipo": "normal" },
      { "id": 28, "status": "disponivel", "tipo": "especial" },
      { "id": 29, "status": "disponivel", "tipo": "normal" },
      { "id": 30, "status": "indisponivel", "tipo": "normal" },
      { "id": 31, "status": "disponivel", "tipo": "normal" },
      { "id": 32, "status": "disponivel", "tipo": "normal" },
      { "id": 33, "status": "disponivel", "tipo": "normal" },
      { "id": 34, "status": "indisponivel", "tipo": "normal" },
      { "id": 35, "status": "disponivel", "tipo": "especial" },
      { "id": 36, "status": "disponivel", "tipo": "normal" },
      { "id": 37, "status": "indisponivel", "tipo": "especial" },
      { "id": 38, "status": "disponivel", "tipo": "normal" },
      { "id": 39, "status": "disponivel", "tipo": "normal" },
      { "id": 40, "status": "disponivel", "tipo": "especial" },
      { "id": 41, "status": "disponivel", "tipo": "normal" },
      { "id": 42, "status": "indisponivel", "tipo": "normal" },
      { "id": 43, "status": "disponivel", "tipo": "especial" },
      { "id": 44, "status": "disponivel", "tipo": "normal" },
      { "id": 45, "status": "indisponivel", "tipo": "normal" },
      { "id": 46, "status": "disponivel", "tipo": "normal" },
      { "id": 47, "status": "disponivel", "tipo": "normal" },
      { "id": 48, "status": "disponivel", "tipo": "especial" },
      { "id": 49, "status": "disponivel", "tipo": "normal" },
      { "id": 50, "status": "indisponivel", "tipo": "normal" },
      { "id": 51, "status": "disponivel", "tipo": "normal" },
      { "id": 52, "status": "disponivel", "tipo": "normal" },
      { "id": 53, "status": "disponivel", "tipo": "normal" },
      { "id": 54, "status": "indisponivel", "tipo": "normal" },
      { "id": 55, "status": "disponivel", "tipo": "especial" },
      { "id": 56, "status": "disponivel", "tipo": "normal" },
      { "id": 57, "status": "indisponivel", "tipo": "especial" },
      { "id": 58, "status": "disponivel", "tipo": "normal" },
      { "id": 59, "status": "disponivel", "tipo": "normal" },
      { "id": 60, "status": "disponivel", "tipo": "especial" }
    ]
  }
  